{"bot.py":1781930872.3567407,"setup.py":1781930872.3667433,"admin_bot/__init__.py":1781930872.3556633,"admin_bot/bot.py":1781930872.3557372,"admin_bot/locales.py":1781930872.3560429,"admin_bot/config/__init__.py":1781930872.3557372,"admin_bot/config/settings.py":1781930872.355877,"admin_bot/database/__init__.py":1781930872.355877,"admin_bot/database/db.py":1781930872.3559358,"admin_bot/handlers/__init__.py":1781930872.3559358,"admin_bot/handlers/auth.py":1781930872.3560429,"admin_bot/handlers/broadcast.py":1781930872.3560429,"admin_bot/handlers/dashboard.py":1781930872.3560429,"admin_bot/handlers/downloads.py":1781930872.3560429,"admin_bot/handlers/security.py":1781930872.3560429,"admin_bot/handlers/settings_h.py":1781930872.3560429,"admin_bot/handlers/stats.py":1781930872.3560429,"admin_bot/handlers/support.py":1781930872.3560429,"admin_bot/handlers/users.py":1781930872.3560429,"admin_bot/handlers/vodafone_cash.py":1781930872.3560429,"admin_bot/utils/__init__.py":1781930872.3560429,"admin_bot/utils/logger.py":1781930872.3567407,"config/__init__.py":1781930872.3567407,"config/settings.py":1781930872.3568864,"control_panel/__init__.py":1781930872.3569155,"control_panel/app.py":1781930872.358714,"control_panel/auth.py":1781930872.358714,"control_panel/call_graph.py":1781930872.358714,"control_panel/config.py":1781930872.358714,"control_panel/context_engine.py":1781930872.358714,"control_panel/db_utils.py":1781930872.358714,"control_panel/knowledge_graph.py":1781930872.358714,"control_panel/project_indexer.py":1781930872.358714,"control_panel/server.py":1781930872.3597536,"control_panel/ai_engine.py":1781933593.5227141,"control_panel/routers/__init__.py":1781930872.358714,"control_panel/routers/ai_workspace.py":1781930872.3597536,"control_panel/routers/backups.py":1781930872.3597536,"control_panel/routers/bots.py":1781930872.3597536,"control_panel/routers/broadcast.py":1781930872.3597536,"control_panel/routers/dashboard.py":1781930872.3597536,"control_panel/routers/db_manager.py":1781930872.3597536,"control_panel/routers/files.py":1781930872.3597536,"control_panel/routers/github_router.py":1781930872.3597536,"control_panel/routers/logs_router.py":1781930872.3597536,"control_panel/routers/replit_manager.py":1781930872.3597536,"control_panel/routers/search.py":1781930872.3597536,"control_panel/routers/system.py":1781930872.3597536,"control_panel/routers/updates.py":1781930872.3597536,"control_panel/routers/users.py":1781930872.3597536,"control_panel/static/css/style.css":1781930872.3607142,"control_panel/static/js/app.js":1781930872.3607142,"control_panel/templates/access.html":1781930872.3607142,"control_panel/templates/ai_engineer.html":1781930872.361129,"control_panel/templates/ai_memory.html":1781930872.361129,"control_panel/templates/ai_review.html":1781930872.361129,"control_panel/templates/ai_workspace.html":1781930872.361129,"control_panel/templates/backups.html":1781930872.361129,"control_panel/templates/base.html":1781930872.361129,"control_panel/templates/bots.html":1781930872.361129,"control_panel/templates/broadcast.html":1781930872.361129,"control_panel/templates/dashboard.html":1781930872.361129,"control_panel/templates/db_manager.html":1781930872.3617141,"control_panel/templates/files.html":1781930872.3617141,"control_panel/templates/github.html":1781930872.3617141,"control_panel/templates/login.html":1781930872.3617141,"control_panel/templates/logs.html":1781930872.3617141,"control_panel/templates/replit_manager.html":1781930872.3617141,"control_panel/templates/search.html":1781930872.3617141,"control_panel/templates/system.html":1781930872.3617141,"control_panel/templates/updates.html":1781930872.3617141,"control_panel/templates/users.html":1781930872.362714,"database/__init__.py":1781930872.362714,"database/achievements.py":1781930872.3633611,"database/activity.py":1781930872.3633611,"database/cache.py":1781930872.3633611,"database/db.py":1781930872.3633611,"database/downloads.py":1781930872.3633611,"database/favorites.py":1781930872.3633611,"database/referrals.py":1781930872.3633611,"database/reports.py":1781930872.3633611,"database/users.py":1781930872.3633611,"developer_bot/bot.py":1781930872.3633611,"developer_bot/config/__init__.py":1781930872.3636785,"developer_bot/config/settings.py":1781930872.363705,"developer_bot/database/__init__.py":1781930872.363705,"developer_bot/database/db.py":1781930872.3637502,"developer_bot/handlers/__init__.py":1781930872.3637502,"developer_bot/handlers/ai_assistant.py":1781930872.3639777,"developer_bot/handlers/auth.py":1781930872.3647141,"developer_bot/handlers/backups.py":1781930872.3647141,"developer_bot/handlers/dashboard.py":1781930872.3647141,"developer_bot/handlers/emergency.py":1781930872.3647141,"developer_bot/handlers/errors.py":1781930872.3647141,"developer_bot/handlers/file_manager.py":1781930872.3647141,"developer_bot/handlers/health_check.py":1781930872.3647141,"developer_bot/handlers/monitor.py":1781930872.3647141,"developer_bot/handlers/search.py":1781930872.3647141,"developer_bot/handlers/security_h.py":1781930872.3647141,"developer_bot/handlers/services.py":1781930872.3647141,"developer_bot/handlers/settings_h.py":1781930872.3647141,"developer_bot/handlers/updates.py":1781930872.3647141,"developer_bot/utils/__init__.py":1781930872.3647141,"developer_bot/utils/logger.py":1781930872.3656626,"handlers/__init__.py":1781930872.3656626,"handlers/admin.py":1781930872.3657725,"handlers/download.py":1781930872.3657725,"handlers/favorites.py":1781930872.3657725,"handlers/feedback.py":1781930872.3657725,"handlers/logo.py":1781930872.3657725,"handlers/profile.py":1781930872.3657725,"handlers/start.py":1781930872.3657725,"handlers/video_studio.py":1781930872.3657725,"handlers/video_tools.py":1781930872.3657725,"locales/__init__.py":1781930872.3657725,"locales/ar.py":1781930872.366451,"locales/en.py":1781930872.366451,"middlewares/__init__.py":1781930872.366451,"middlewares/auth.py":1781930872.3666086,"middlewares/rate_limiter.py":1781930872.3666086,"middlewares/subscription_gate.py":1781930872.3666086,"services/__init__.py":1781930872.3666086,"services/downloader.py":1781930872.3667433,"services/subscription.py":1781930872.3667433,"support_bot/__init__.py":1781930872.3667433,"support_bot/bot.py":1781930872.366968,"support_bot/config/__init__.py":1781930872.366968,"support_bot/config/settings.py":1781930872.3670394,"support_bot/database/__init__.py":1781930872.3670394,"support_bot/database/db.py":1781930872.3671072,"support_bot/database/tickets.py":1781930872.368714,"support_bot/handlers/__init__.py":1781930872.368714,"support_bot/handlers/admin.py":1781930872.3694332,"support_bot/handlers/user.py":1781930872.3694332,"support_bot/utils/__init__.py":1781930872.3694332,"support_bot/utils/logger.py":1781930872.3695097,"utils/__init__.py":1781930872.3695097,"utils/ffmpeg_check.py":1781930872.3695834,"utils/helpers.py":1781930872.3695834,"utils/logger.py":1781930872.3695834,"utils/maintenance.py":1781930872.3707142,"workers/__init__.py":1781930872.3707142,"workers/cleanup.py":1781930872.3713648,"workers/crash_monitor.py":1781930872.3713648,"workers/heartbeat.py":1781930872.3713648}