{"bot.py":1781934601.439226,"setup.py":1781934601.4530644,"admin_bot/__init__.py":1781934601.4385755,"admin_bot/bot.py":1781934601.4386537,"admin_bot/locales.py":1781934601.438836,"admin_bot/config/__init__.py":1781934601.4386537,"admin_bot/config/settings.py":1781934601.4387145,"admin_bot/database/__init__.py":1781934601.4387145,"admin_bot/database/db.py":1781934601.4387443,"admin_bot/handlers/__init__.py":1781934601.4387443,"admin_bot/handlers/auth.py":1781934601.438836,"admin_bot/handlers/broadcast.py":1781934601.438836,"admin_bot/handlers/dashboard.py":1781934601.438836,"admin_bot/handlers/downloads.py":1781934601.438836,"admin_bot/handlers/security.py":1781934601.438836,"admin_bot/handlers/settings_h.py":1781934601.438836,"admin_bot/handlers/stats.py":1781934601.438836,"admin_bot/handlers/support.py":1781934601.438836,"admin_bot/handlers/users.py":1781934601.438836,"admin_bot/handlers/vodafone_cash.py":1781934601.438836,"admin_bot/utils/__init__.py":1781934601.438836,"admin_bot/utils/logger.py":1781934601.439226,"config/__init__.py":1781934601.439226,"config/settings.py":1781934601.4395292,"control_panel/__init__.py":1781934601.4441197,"control_panel/app.py":1781934601.4461195,"control_panel/auth.py":1781934601.4461195,"control_panel/call_graph.py":1781934601.4461195,"control_panel/config.py":1781934601.4461195,"control_panel/db_utils.py":1781934601.4461195,"control_panel/knowledge_graph.py":1781934601.4461195,"control_panel/project_indexer.py":1781934601.4461195,"control_panel/server.py":1781934601.4472003,"control_panel/context_engine.py":1781935403.4810443,"control_panel/ai_engine.py":1781935455.964044,"control_panel/routers/__init__.py":1781934601.4461195,"control_panel/routers/ai_workspace.py":1781934601.4472003,"control_panel/routers/backups.py":1781934601.4472003,"control_panel/routers/bots.py":1781934601.4472003,"control_panel/routers/broadcast.py":1781934601.4472003,"control_panel/routers/dashboard.py":1781934601.4472003,"control_panel/routers/db_manager.py":1781934601.4472003,"control_panel/routers/files.py":1781934601.4472003,"control_panel/routers/github_router.py":1781934601.4472003,"control_panel/routers/logs_router.py":1781934601.4472003,"control_panel/routers/replit_manager.py":1781934601.4472003,"control_panel/routers/search.py":1781934601.4472003,"control_panel/routers/system.py":1781934601.4472003,"control_panel/routers/updates.py":1781934601.4472003,"control_panel/routers/users.py":1781934601.4472003,"control_panel/static/css/style.css":1781934601.4481196,"control_panel/static/js/app.js":1781934601.4481196,"control_panel/templates/access.html":1781934601.4481196,"control_panel/templates/ai_engineer.html":1781934601.4485922,"control_panel/templates/ai_memory.html":1781934601.4485922,"control_panel/templates/ai_review.html":1781934601.4485922,"control_panel/templates/ai_workspace.html":1781934601.4485922,"control_panel/templates/backups.html":1781934601.4485922,"control_panel/templates/base.html":1781934601.4485922,"control_panel/templates/bots.html":1781934601.4485922,"control_panel/templates/broadcast.html":1781934601.4485922,"control_panel/templates/dashboard.html":1781934601.4485922,"control_panel/templates/db_manager.html":1781934601.4485922,"control_panel/templates/files.html":1781934601.4491196,"control_panel/templates/github.html":1781934601.4491196,"control_panel/templates/login.html":1781934601.4491196,"control_panel/templates/logs.html":1781934601.4491196,"control_panel/templates/replit_manager.html":1781934601.4491196,"control_panel/templates/search.html":1781934601.4491196,"control_panel/templates/system.html":1781934601.4491196,"control_panel/templates/updates.html":1781934601.4491196,"control_panel/templates/users.html":1781934601.4491196,"database/__init__.py":1781934601.4491196,"database/achievements.py":1781934601.450195,"database/activity.py":1781934601.450195,"database/cache.py":1781934601.450195,"database/db.py":1781934601.450195,"database/downloads.py":1781934601.450195,"database/favorites.py":1781934601.450195,"database/referrals.py":1781934601.450195,"database/reports.py":1781934601.450195,"database/users.py":1781934601.450195,"developer_bot/bot.py":1781934601.450195,"developer_bot/config/__init__.py":1781934601.45082,"developer_bot/config/settings.py":1781934601.4508762,"developer_bot/database/__init__.py":1781934601.4508762,"developer_bot/database/db.py":1781934601.4509454,"developer_bot/handlers/__init__.py":1781934601.4509454,"developer_bot/handlers/ai_assistant.py":1781934601.451034,"developer_bot/handlers/auth.py":1781934601.451034,"developer_bot/handlers/backups.py":1781934601.451034,"developer_bot/handlers/dashboard.py":1781934601.451034,"developer_bot/handlers/emergency.py":1781934601.4511197,"developer_bot/handlers/errors.py":1781934601.4511197,"developer_bot/handlers/file_manager.py":1781934601.4511197,"developer_bot/handlers/health_check.py":1781934601.4511197,"developer_bot/handlers/monitor.py":1781934601.4511197,"developer_bot/handlers/search.py":1781934601.4511197,"developer_bot/handlers/security_h.py":1781934601.4511197,"developer_bot/handlers/services.py":1781934601.4511197,"developer_bot/handlers/settings_h.py":1781934601.4511197,"developer_bot/handlers/updates.py":1781934601.4511197,"developer_bot/utils/__init__.py":1781934601.4511197,"developer_bot/utils/logger.py":1781934601.4518259,"handlers/__init__.py":1781934601.4518259,"handlers/admin.py":1781934601.4519334,"handlers/download.py":1781934601.4519334,"handlers/favorites.py":1781934601.4519334,"handlers/feedback.py":1781934601.4519334,"handlers/logo.py":1781934601.4521196,"handlers/profile.py":1781934601.4521196,"handlers/start.py":1781934601.4521196,"handlers/video_studio.py":1781934601.4521196,"handlers/video_tools.py":1781934601.4521196,"locales/__init__.py":1781934601.4521196,"locales/ar.py":1781934601.4526503,"locales/en.py":1781934601.4526503,"middlewares/__init__.py":1781934601.4526503,"middlewares/auth.py":1781934601.452838,"middlewares/rate_limiter.py":1781934601.452838,"middlewares/subscription_gate.py":1781934601.452838,"services/__init__.py":1781934601.452838,"services/downloader.py":1781934601.4530644,"services/subscription.py":1781934601.4530644,"support_bot/__init__.py":1781934601.4531198,"support_bot/bot.py":1781934601.4533808,"support_bot/config/__init__.py":1781934601.4533808,"support_bot/config/settings.py":1781934601.453462,"support_bot/database/__init__.py":1781934601.453462,"support_bot/database/db.py":1781934601.4535437,"support_bot/database/tickets.py":1781934601.4535437,"support_bot/handlers/__init__.py":1781934601.4535437,"support_bot/handlers/admin.py":1781934601.453697,"support_bot/handlers/user.py":1781934601.453697,"support_bot/utils/__init__.py":1781934601.453697,"support_bot/utils/logger.py":1781934601.4538212,"utils/__init__.py":1781934601.4538212,"utils/ffmpeg_check.py":1781934601.4540553,"utils/helpers.py":1781934601.4540553,"utils/logger.py":1781934601.4540553,"utils/maintenance.py":1781934601.4540553,"workers/__init__.py":1781934601.4540553,"workers/cleanup.py":1781934601.4542305,"workers/crash_monitor.py":1781934601.4542305,"workers/heartbeat.py":1781934601.4542305}