{"bot.py":1781938117.2041934,"setup.py":1781938117.2157762,"admin_bot/__init__.py":1781938117.2029197,"admin_bot/bot.py":1781938117.2029967,"admin_bot/locales.py":1781938117.2034595,"admin_bot/config/__init__.py":1781938117.2029967,"admin_bot/config/settings.py":1781938117.203173,"admin_bot/database/__init__.py":1781938117.203173,"admin_bot/database/db.py":1781938117.2032955,"admin_bot/handlers/__init__.py":1781938117.2032955,"admin_bot/handlers/auth.py":1781938117.2034595,"admin_bot/handlers/broadcast.py":1781938117.2034595,"admin_bot/handlers/dashboard.py":1781938117.2034595,"admin_bot/handlers/downloads.py":1781938117.2034595,"admin_bot/handlers/security.py":1781938117.2034595,"admin_bot/handlers/settings_h.py":1781938117.2034595,"admin_bot/handlers/stats.py":1781938117.2034595,"admin_bot/handlers/support.py":1781938117.2034595,"admin_bot/handlers/users.py":1781938117.2034595,"admin_bot/handlers/vodafone_cash.py":1781938117.2034595,"admin_bot/utils/__init__.py":1781938117.2034595,"admin_bot/utils/logger.py":1781938117.2041934,"config/__init__.py":1781938117.2041934,"config/settings.py":1781938117.2043118,"control_panel/__init__.py":1781938117.2043576,"control_panel/app.py":1781938117.2063236,"control_panel/auth.py":1781938117.2063236,"control_panel/call_graph.py":1781938117.2073236,"control_panel/config.py":1781938117.2073236,"control_panel/context_engine.py":1781938117.2073236,"control_panel/db_utils.py":1781938117.2073236,"control_panel/knowledge_graph.py":1781938117.2073236,"control_panel/project_indexer.py":1781938117.2073236,"control_panel/server.py":1781938117.2084465,"control_panel/evidence_engine.py":1781938659.5553236,"control_panel/ai_engine.py":1781940392.3927417,"control_panel/routers/__init__.py":1781938117.2073236,"control_panel/routers/ai_workspace.py":1781938117.2084465,"control_panel/routers/backups.py":1781938117.2084465,"control_panel/routers/bots.py":1781938117.2084465,"control_panel/routers/broadcast.py":1781938117.2084465,"control_panel/routers/dashboard.py":1781938117.2084465,"control_panel/routers/db_manager.py":1781938117.2084465,"control_panel/routers/files.py":1781938117.2084465,"control_panel/routers/github_router.py":1781938117.2084465,"control_panel/routers/logs_router.py":1781938117.2084465,"control_panel/routers/replit_manager.py":1781938117.2084465,"control_panel/routers/search.py":1781938117.2084465,"control_panel/routers/system.py":1781938117.2084465,"control_panel/routers/updates.py":1781938117.2084465,"control_panel/routers/users.py":1781938117.2084465,"control_panel/static/css/style.css":1781938117.209572,"control_panel/static/js/app.js":1781938117.209572,"control_panel/templates/access.html":1781938117.209572,"control_panel/templates/ai_engineer.html":1781938117.2103121,"control_panel/templates/ai_memory.html":1781938117.2103121,"control_panel/templates/ai_review.html":1781938117.2103121,"control_panel/templates/ai_workspace.html":1781938117.2103121,"control_panel/templates/backups.html":1781938117.2103236,"control_panel/templates/base.html":1781938117.2103236,"control_panel/templates/bots.html":1781938117.2103236,"control_panel/templates/broadcast.html":1781938117.2103236,"control_panel/templates/dashboard.html":1781938117.2103236,"control_panel/templates/db_manager.html":1781938117.2103236,"control_panel/templates/files.html":1781938117.2103236,"control_panel/templates/github.html":1781938117.2103236,"control_panel/templates/login.html":1781938117.2103236,"control_panel/templates/logs.html":1781938117.2103236,"control_panel/templates/replit_manager.html":1781938117.2103236,"control_panel/templates/search.html":1781938117.2103236,"control_panel/templates/system.html":1781938117.2103236,"control_panel/templates/updates.html":1781938117.2103236,"control_panel/templates/users.html":1781938117.2113237,"database/__init__.py":1781938117.2113237,"database/achievements.py":1781938117.2122304,"database/activity.py":1781938117.2122304,"database/cache.py":1781938117.2122304,"database/db.py":1781938117.2122304,"database/downloads.py":1781938117.2122304,"database/favorites.py":1781938117.2122304,"database/referrals.py":1781938117.2122304,"database/reports.py":1781938117.2122304,"database/users.py":1781938117.2122304,"developer_bot/bot.py":1781938117.2122304,"developer_bot/config/__init__.py":1781938117.2123237,"developer_bot/config/settings.py":1781938117.2127676,"developer_bot/database/__init__.py":1781938117.2127676,"developer_bot/database/db.py":1781938117.2128563,"developer_bot/handlers/__init__.py":1781938117.2128563,"developer_bot/handlers/ai_assistant.py":1781938117.212972,"developer_bot/handlers/auth.py":1781938117.212972,"developer_bot/handlers/backups.py":1781938117.212972,"developer_bot/handlers/dashboard.py":1781938117.212972,"developer_bot/handlers/emergency.py":1781938117.212972,"developer_bot/handlers/errors.py":1781938117.212972,"developer_bot/handlers/file_manager.py":1781938117.212972,"developer_bot/handlers/health_check.py":1781938117.212972,"developer_bot/handlers/monitor.py":1781938117.212972,"developer_bot/handlers/search.py":1781938117.212972,"developer_bot/handlers/security_h.py":1781938117.212972,"developer_bot/handlers/services.py":1781938117.2133236,"developer_bot/handlers/settings_h.py":1781938117.2133236,"developer_bot/handlers/updates.py":1781938117.2133236,"developer_bot/utils/__init__.py":1781938117.2133236,"developer_bot/utils/logger.py":1781938117.2139885,"handlers/__init__.py":1781938117.2139885,"handlers/admin.py":1781938117.2141235,"handlers/download.py":1781938117.2141235,"handlers/favorites.py":1781938117.2141235,"handlers/feedback.py":1781938117.2141235,"handlers/logo.py":1781938117.2141235,"handlers/profile.py":1781938117.2143238,"handlers/start.py":1781938117.2143238,"handlers/video_studio.py":1781938117.2143238,"handlers/video_tools.py":1781938117.2143238,"locales/__init__.py":1781938117.2143238,"locales/ar.py":1781938117.2151895,"locales/en.py":1781938117.2151895,"middlewares/__init__.py":1781938117.2151895,"middlewares/auth.py":1781938117.2154245,"middlewares/rate_limiter.py":1781938117.2154245,"middlewares/subscription_gate.py":1781938117.2154245,"services/__init__.py":1781938117.2154245,"services/downloader.py":1781938117.2157762,"services/subscription.py":1781938117.2157762,"support_bot/__init__.py":1781938117.2157762,"support_bot/bot.py":1781938117.216112,"support_bot/config/__init__.py":1781938117.216112,"support_bot/config/settings.py":1781938117.2162256,"support_bot/database/__init__.py":1781938117.2162256,"support_bot/database/db.py":1781938117.2163575,"support_bot/database/tickets.py":1781938117.2163575,"support_bot/handlers/__init__.py":1781938117.2163575,"support_bot/handlers/admin.py":1781938117.216621,"support_bot/handlers/user.py":1781938117.216621,"support_bot/utils/__init__.py":1781938117.216621,"support_bot/utils/logger.py":1781938117.2168448,"utils/__init__.py":1781938117.2168448,"utils/ffmpeg_check.py":1781938117.2170174,"utils/helpers.py":1781938117.2170174,"utils/logger.py":1781938117.2170174,"utils/maintenance.py":1781938117.2170174,"workers/__init__.py":1781938117.2170174,"workers/cleanup.py":1781938117.2171588,"workers/crash_monitor.py":1781938117.2171588,"workers/heartbeat.py":1781938117.2171588}