{"bot.py":1781928273.6649458,"setup.py":1781928273.674511,"admin_bot/__init__.py":1781928273.6634305,"admin_bot/bot.py":1781928273.6635492,"admin_bot/locales.py":1781928273.6642575,"admin_bot/config/__init__.py":1781928273.6635492,"admin_bot/config/settings.py":1781928273.6636562,"admin_bot/database/__init__.py":1781928273.6636562,"admin_bot/database/db.py":1781928273.6637044,"admin_bot/handlers/__init__.py":1781928273.6637044,"admin_bot/handlers/auth.py":1781928273.6637797,"admin_bot/handlers/broadcast.py":1781928273.6637797,"admin_bot/handlers/dashboard.py":1781928273.6637797,"admin_bot/handlers/downloads.py":1781928273.6637797,"admin_bot/handlers/security.py":1781928273.6637797,"admin_bot/handlers/settings_h.py":1781928273.6637797,"admin_bot/handlers/stats.py":1781928273.6637797,"admin_bot/handlers/support.py":1781928273.6637797,"admin_bot/handlers/users.py":1781928273.6637797,"admin_bot/handlers/vodafone_cash.py":1781928273.6642575,"admin_bot/utils/__init__.py":1781928273.6642575,"admin_bot/utils/logger.py":1781928273.6649458,"config/__init__.py":1781928273.6649458,"config/settings.py":1781928273.665081,"control_panel/__init__.py":1781928273.6652577,"control_panel/app.py":1781928273.6662576,"control_panel/auth.py":1781928273.6662576,"control_panel/call_graph.py":1781928273.6662576,"control_panel/config.py":1781928273.6662576,"control_panel/context_engine.py":1781928273.6662576,"control_panel/db_utils.py":1781928273.6662576,"control_panel/knowledge_graph.py":1781928273.6662576,"control_panel/server.py":1781928273.6673958,"control_panel/project_indexer.py":1781929932.1079097,"control_panel/ai_engine.py":1781930032.7929096,"control_panel/routers/__init__.py":1781928273.6662576,"control_panel/routers/ai_workspace.py":1781928273.6673958,"control_panel/routers/backups.py":1781928273.6673958,"control_panel/routers/bots.py":1781928273.6673958,"control_panel/routers/broadcast.py":1781928273.6673958,"control_panel/routers/dashboard.py":1781928273.6673958,"control_panel/routers/db_manager.py":1781928273.6673958,"control_panel/routers/files.py":1781928273.6673958,"control_panel/routers/github_router.py":1781928273.6673958,"control_panel/routers/logs_router.py":1781928273.6673958,"control_panel/routers/replit_manager.py":1781928273.6673958,"control_panel/routers/search.py":1781928273.6673958,"control_panel/routers/system.py":1781928273.6673958,"control_panel/routers/updates.py":1781928273.6673958,"control_panel/routers/users.py":1781928273.6673958,"control_panel/static/css/style.css":1781928273.6682587,"control_panel/static/js/app.js":1781928273.6682587,"control_panel/templates/access.html":1781928273.6682587,"control_panel/templates/ai_engineer.html":1781928273.669636,"control_panel/templates/ai_memory.html":1781928273.669636,"control_panel/templates/ai_review.html":1781928273.669636,"control_panel/templates/ai_workspace.html":1781928273.669636,"control_panel/templates/backups.html":1781928273.669636,"control_panel/templates/base.html":1781928273.669636,"control_panel/templates/bots.html":1781928273.669636,"control_panel/templates/broadcast.html":1781928273.669636,"control_panel/templates/dashboard.html":1781928273.669636,"control_panel/templates/db_manager.html":1781928273.669636,"control_panel/templates/files.html":1781928273.669636,"control_panel/templates/github.html":1781928273.669636,"control_panel/templates/login.html":1781928273.669636,"control_panel/templates/logs.html":1781928273.669636,"control_panel/templates/replit_manager.html":1781928273.669636,"control_panel/templates/search.html":1781928273.6702576,"control_panel/templates/system.html":1781928273.6702576,"control_panel/templates/updates.html":1781928273.6702576,"control_panel/templates/users.html":1781928273.6702576,"database/__init__.py":1781928273.6712978,"database/achievements.py":1781928273.6713443,"database/activity.py":1781928273.6713443,"database/cache.py":1781928273.6713443,"database/db.py":1781928273.6713443,"database/downloads.py":1781928273.6713443,"database/favorites.py":1781928273.6713443,"database/referrals.py":1781928273.6713443,"database/reports.py":1781928273.6713443,"database/users.py":1781928273.6713443,"developer_bot/bot.py":1781928273.6713443,"developer_bot/config/__init__.py":1781928273.6718357,"developer_bot/config/settings.py":1781928273.6718898,"developer_bot/database/__init__.py":1781928273.6718898,"developer_bot/database/db.py":1781928273.6719697,"developer_bot/handlers/__init__.py":1781928273.6719697,"developer_bot/handlers/ai_assistant.py":1781928273.6720579,"developer_bot/handlers/auth.py":1781928273.6720579,"developer_bot/handlers/backups.py":1781928273.6720579,"developer_bot/handlers/dashboard.py":1781928273.6720579,"developer_bot/handlers/emergency.py":1781928273.6720579,"developer_bot/handlers/errors.py":1781928273.6720579,"developer_bot/handlers/file_manager.py":1781928273.6720579,"developer_bot/handlers/health_check.py":1781928273.6720579,"developer_bot/handlers/monitor.py":1781928273.6720579,"developer_bot/handlers/search.py":1781928273.6720579,"developer_bot/handlers/security_h.py":1781928273.6720579,"developer_bot/handlers/services.py":1781928273.6720579,"developer_bot/handlers/settings_h.py":1781928273.6722577,"developer_bot/handlers/updates.py":1781928273.6722577,"developer_bot/utils/__init__.py":1781928273.6722577,"developer_bot/utils/logger.py":1781928273.6730375,"handlers/__init__.py":1781928273.6730375,"handlers/admin.py":1781928273.6731243,"handlers/download.py":1781928273.6731243,"handlers/favorites.py":1781928273.6731243,"handlers/feedback.py":1781928273.6731243,"handlers/logo.py":1781928273.6731243,"handlers/profile.py":1781928273.6731243,"handlers/start.py":1781928273.6731243,"handlers/video_studio.py":1781928273.6732576,"handlers/video_tools.py":1781928273.6732576,"locales/__init__.py":1781928273.6732576,"locales/ar.py":1781928273.674096,"locales/en.py":1781928273.674096,"middlewares/__init__.py":1781928273.674096,"middlewares/auth.py":1781928273.6742957,"middlewares/rate_limiter.py":1781928273.6742957,"middlewares/subscription_gate.py":1781928273.6742957,"services/__init__.py":1781928273.6742957,"services/downloader.py":1781928273.674511,"services/subscription.py":1781928273.674511,"support_bot/__init__.py":1781928273.674511,"support_bot/bot.py":1781928273.6747432,"support_bot/config/__init__.py":1781928273.6747432,"support_bot/config/settings.py":1781928273.6748524,"support_bot/database/__init__.py":1781928273.6748524,"support_bot/database/db.py":1781928273.6749098,"support_bot/database/tickets.py":1781928273.6749098,"support_bot/handlers/__init__.py":1781928273.6749098,"support_bot/handlers/admin.py":1781928273.6750824,"support_bot/handlers/user.py":1781928273.6750824,"support_bot/utils/__init__.py":1781928273.6750824,"support_bot/utils/logger.py":1781928273.675208,"utils/__init__.py":1781928273.675208,"utils/ffmpeg_check.py":1781928273.675291,"utils/helpers.py":1781928273.675291,"utils/logger.py":1781928273.675291,"utils/maintenance.py":1781928273.675291,"workers/__init__.py":1781928273.675291,"workers/cleanup.py":1781928273.6757035,"workers/crash_monitor.py":1781928273.6757035,"workers/heartbeat.py":1781928273.6757035}